﻿<?xml version="1.0" encoding="utf-8"?>
<abapGit version="v1.0.0" serializer="LCL_OBJECT_SIA6" serializer_version="v1.0.0">
 <asx:abap xmlns:asx="http://www.sap.com/abapxml" version="1.0">
  <asx:values>
   <SIA6>
    <MAIN_OBJECT>
     <NAME>Z_MATRIX_005_EXT</NAME>
     <TYPE>SIA6</TYPE>
     <DESCRIPTION>Z_MATRIX_005</DESCRIPTION>
     <RESPONSIBLE>CB9980000024</RESPONSIBLE>
     <MASTER_LANGUAGE>EN</MASTER_LANGUAGE>
     <MASTER_SYSTEM>XL0</MASTER_SYSTEM>
     <PACKAGE_REF>
      <PACKAGE_NAME>Z_MATRIX_005</PACKAGE_NAME>
     </PACKAGE_REF>
     <ABAP_LANGU_VERSION>5</ABAP_LANGU_VERSION>
    </MAIN_OBJECT>
    <APP_ID>Z_MATRIX_005_EXT</APP_ID>
    <APP_TYPE>EXT</APP_TYPE>
    <ABAP_LANGUAGE_VERSION>5</ABAP_LANGUAGE_VERSION>
    <UI_APP_ID>Z_MATRIX_005_UI5R</UI_APP_ID>
    <SERVICE>
     <item>
      <REL_NAME>ZSB_MATRIX_005</REL_NAME>
      <REL_TYPE>G4BA</REL_TYPE>
      <APP_ID>Z_MATRIX_005_EXT</APP_ID>
      <SRVC_NAME>114FF92791FBC7ED90BCE8662218DD</SRVC_NAME>
      <SRVC_TYPE>HT</SRVC_TYPE>
      <TEXT>ZSB_MATRIX_005</TEXT>
      <TYPE_TEXT>OData V4</TYPE_TEXT>
     </item>
    </SERVICE>
    <PUBLISH_STATUS>p</PUBLISH_STATUS>
   </SIA6>
  </asx:values>
 </asx:abap>
</abapGit>
