﻿<?xml version="1.0" encoding="utf-8"?>
<abapGit version="v1.0.0" serializer="LCL_OBJECT_SCO1" serializer_version="v1.0.0">
 <asx:abap xmlns:asx="http://www.sap.com/abapxml" version="1.0">
  <asx:values>
   <SCO1>
    <COMMUNICATION_SCENARIO_ID>Z_MATRIX_005_SCENARIO</COMMUNICATION_SCENARIO_ID>
    <COMMUNICATION_SCENARIO_TYPE>1</COMMUNICATION_SCENARIO_TYPE>
    <ALLOWED_CA_INSTANCES>1</ALLOWED_CA_INSTANCES>
    <CONTAINS_INBOUND>X</CONTAINS_INBOUND>
    <IB_TRUST_PSE_ID>SSLC_CUSTOMER_DEFAULT</IB_TRUST_PSE_ID>
    <IB_BASIC_AUTH>X</IB_BASIC_AUTH>
    <INBOUND_ROLE_ID>ZCR_FHCIPSNZ2IPO5FGBLRGEM7ULFI</INBOUND_ROLE_ID>
    <OB_AUTH_PSE_ID>SSLC_CUSTOMER_DEFAULT</OB_AUTH_PSE_ID>
    <OB_TRUST_PSE_ID>SSLC_CUSTOMER_DEFAULT</OB_TRUST_PSE_ID>
    <OB_BASIC_AUTH>X</OB_BASIC_AUTH>
    <OB_X509_AUTH>X</OB_X509_AUTH>
    <ABAP_LANGUAGE_VERSION>5</ABAP_LANGUAGE_VERSION>
    <MAIN_OBJECT>
     <NAME>Z_MATRIX_005_SCENARIO</NAME>
     <TYPE>SCO1</TYPE>
     <DESCRIPTION>Z_MATRIX_005_SCENARIO</DESCRIPTION>
     <ABAP_LANGU_VERSION>5</ABAP_LANGU_VERSION>
    </MAIN_OBJECT>
    <SCOPE_STATUS>3</SCOPE_STATUS>
    <SCOPE_STATUS_TEXT>On</SCOPE_STATUS_TEXT>
    <INBOUND>
     <item>
      <COMMUNICATION_SCENARIO_ID>Z_MATRIX_005_SCENARIO</COMMUNICATION_SCENARIO_ID>
      <INBOUND_ID>0001</INBOUND_ID>
      <IBS_ID>ZSB_MATRIX_005_ODATA_IWSG</IBS_ID>
      <RELEASE_STATUS>1</RELEASE_STATUS>
      <IBS_TYPE>IWSG</IBS_TYPE>
      <IBS_TYPE_TEXT>OData V2</IBS_TYPE_TEXT>
      <TEXT>ZSB_MATRIX_005_ODATA</TEXT>
      <SRVC_TYPE>HT</SRVC_TYPE>
      <SRVC_NAME>06534BC01C4FDADDC6A2896ADC3D75</SRVC_NAME>
     </item>
    </INBOUND>
    <PUBLISH_STATUS>p</PUBLISH_STATUS>
    <PLUGIN_CONFIG>
     <item>
      <UI_OBJECT>cscn_type_selection</UI_OBJECT>
      <IS_VISIBLE>X</IS_VISIBLE>
      <IS_ENABLED>X</IS_ENABLED>
     </item>
     <item>
      <UI_OBJECT>cscn_allow_create_by_key_checkbox</UI_OBJECT>
     </item>
     <item>
      <UI_OBJECT>cscn_badi_impl_class_input</UI_OBJECT>
     </item>
     <item>
      <UI_OBJECT>cscn_scope_status</UI_OBJECT>
     </item>
    </PLUGIN_CONFIG>
   </SCO1>
  </asx:values>
 </asx:abap>
</abapGit>
