﻿<?xml version="1.0" encoding="utf-8"?>
<abapGit version="v1.0.0" serializer="LCL_OBJECT_ENHO" serializer_version="v1.0.0">
 <asx:abap xmlns:asx="http://www.sap.com/abapxml" version="1.0">
  <asx:values>
   <TOOL>BADI_IMPL</TOOL>
   <SHORTTEXT>ZES_SD_SLS_EXTEND</SHORTTEXT>
   <SPOT_NAME>ES_SD_SLS_EXTEND</SPOT_NAME>
   <IMPL>
    <ENH_BADI_IMPL_DATA>
     <SPOT_NAME>ES_SD_SLS_EXTEND</SPOT_NAME>
     <BADI_NAME>SD_SLS_CHECK_BEFORE_SAVE</BADI_NAME>
     <IMPL_NAME>ZSD_SLS_CHECK_BEFORE_SAVE</IMPL_NAME>
     <IMPL_CLASS>ZCL_SD_SLS_CHECK_BEFORE_SAVE</IMPL_CLASS>
     <ACTIVE>X</ACTIVE>
     <IMPL_SHORTTEXT>ZSD_SLS_CHECK_BEFORE_SAVE</IMPL_SHORTTEXT>
     <LOCKED_IN_CUSTOMIZING>X</LOCKED_IN_CUSTOMIZING>
    </ENH_BADI_IMPL_DATA>
   </IMPL>
  </asx:values>
 </asx:abap>
</abapGit>
