﻿<?xml version="1.0" encoding="utf-8"?>
<abapGit version="v1.0.0" serializer="LCL_OBJECT_SCO2" serializer_version="v1.0.0">
 <asx:abap xmlns:asx="http://www.sap.com/abapxml" version="1.0">
  <asx:values>
   <SCO2>
    <IBS_ID>ZSB_MODEL_005_ODATA_IWSG</IBS_ID>
    <IBS_TYPE>IWSG</IBS_TYPE>
    <ODATA_SRV_IDENTIFIER>ZSB_MODEL_005_ODATA_0001</ODATA_SRV_IDENTIFIER>
    <REL_FOR_CUST_CSCN>X</REL_FOR_CUST_CSCN>
    <ABAP_LANGUAGE_VERSION>5</ABAP_LANGUAGE_VERSION>
    <NAME>ZSB_MODEL_005_ODATA_IWSG</NAME>
    <DESCRIPTION>ZSB_MODEL_005_ODATA</DESCRIPTION>
    <ABAP_LANGU_VERSION>5</ABAP_LANGU_VERSION>
   </SCO2>
  </asx:values>
 </asx:abap>
</abapGit>
